,conv [PC1],conv [PC2],SET
0,27.401442,-6.1253624,not set
1,17.294155,-2.140461,not set
2,25.5993,-12.710576,not set
3,-6.211631,-9.384374,not set
4,29.686035,-7.538262,not set
5,17.864996,14.50457,not set
6,14.008666,-5.848887,not set
7,60.648113,-2.2365837,not set
8,45.400085,3.5222101,not set
9,10.168006,6.3760605,not set
10,50.789436,-0.8966528,not set
11,20.956917,-17.797186,not set
12,30.813215,-2.556062,not set
13,34.20507,6.720722,not set
14,22.66798,-16.264523,not set
15,43.812332,8.112902,not set
16,12.8205185,-4.1366806,not set
17,34.790688,-4.0565395,not set
18,52.426754,-3.7174647,not set
19,26.000793,5.7059803,not set
20,20.319305,1.7787008,not set
21,0.13503139,-4.6756353,not set
22,18.34555,-11.069702,not set
23,31.751297,0.14170757,not set
24,52.73835,20.53686,not set
25,23.398796,13.7421665,not set
26,21.24536,18.050589,not set
27,10.45847,-2.9372349,not set
28,51.630344,2.809029,not set
29,52.03943,3.9750576,not set
30,16.093155,-1.755083,not set
31,3.9776664,16.960783,not set
32,6.3414288,0.8647434,not set
33,28.595234,6.1953163,not set
34,0.87629116,-0.007280233,not set
35,31.87091,8.952959,not set
36,27.752934,16.898737,not set
37,8.351552,-6.901597,not set
38,52.572517,-7.0025764,not set
39,16.025023,-5.5475087,not set
40,25.936743,-3.0344553,not set
41,19.161913,-11.439794,not set
42,28.932896,5.854012,not set
43,-3.3421748,-1.1484997,not set
44,10.474743,-3.721852,not set
45,-6.1071777,8.34687,not set
46,15.776309,9.7230625,not set
47,22.727722,-2.0991147,not set
48,21.92883,-6.2592897,not set
49,17.23961,8.764725,not set
50,23.509245,2.6856,not set
51,36.44692,3.48206,not set
52,38.6729,-1.3564377,not set
53,42.632523,16.262054,not set
54,50.962185,2.1451201,not set
55,35.56432,9.769754,not set
56,16.958015,13.952215,not set
57,38.65543,4.005321,not set
58,23.043703,4.035614,not set
59,35.845345,-2.7394483,not set
60,18.851261,2.7106476,not set
61,36.572693,6.5623646,not set
62,9.145877,1.1391014,not set
63,26.238428,2.7158678,not set
64,15.460974,-8.576417,not set
65,21.649925,-3.562018,not set
66,50.7547,-1.2011638,not set
67,35.415813,3.0312757,not set
68,75.538994,12.947333,not set
69,46.01843,-7.9383554,not set
70,25.00747,-10.278598,not set
71,24.26237,-3.5627868,not set
72,-6.8471684,12.799782,not set
73,2.4201841,-4.074907,not set
74,48.493828,6.6383677,not set
75,47.365314,6.418534,not set
76,1.0603929,9.56705,not set
77,3.845188,-14.345833,not set
78,-1.4526371,5.7763295,not set
79,28.06481,-2.5128002,not set
80,38.29876,-6.2730246,not set
81,50.940697,1.4670498,not set
82,5.6970444,8.319272,not set
83,36.963684,-9.124229,not set
84,19.643126,-4.573119,not set
85,44.237118,22.290771,not set
86,-1.8019956,6.5312223,not set
87,4.6584487,10.717726,not set
88,20.459946,4.8580594,not set
89,20.258522,2.1524143,not set
90,11.849872,-8.827548,not set
91,19.516161,13.608522,not set
92,15.430879,-5.6145034,not set
93,-2.5923927,0.050559644,not set
94,8.455038,-0.027276274,not set
95,6.7734466,15.600357,not set
96,28.13689,6.5706105,not set
97,32.941074,6.6334414,not set
98,14.0306225,0.56132066,not set
99,29.68777,-4.5627255,not set
100,35.176373,-1.901004,not set
101,12.641732,-2.4030426,not set
102,40.554104,13.21166,not set
103,10.936115,-9.658061,not set
104,9.8861685,0.2666156,not set
105,40.27029,3.5506363,not set
106,34.004654,-5.1360874,not set
107,20.413628,-3.8570797,not set
108,25.975624,2.6626396,not set
109,35.070835,3.9094718,not set
110,36.723366,-12.651636,not set
111,42.92895,0.89409506,not set
112,7.289403,6.3400955,not set
113,18.609348,-6.0495763,not set
114,32.706352,20.29705,not set
115,56.147163,-5.3237505,not set
116,15.401313,-12.357158,not set
117,16.292927,3.513834,not set
118,33.8142,-0.45723802,not set
119,21.932209,4.0330896,not set
120,-0.1408733,-0.66704553,not set
121,19.404745,-3.3021555,not set
122,17.961643,-11.922218,not set
123,15.745476,10.509066,not set
124,14.809958,11.091665,not set
125,6.834939,-13.261535,not set
126,36.181194,-12.625548,not set
127,27.756231,-4.423171,not set
128,2.8410702,-2.5181775,not set
129,27.071856,14.386972,not set
130,-1.9638686,18.11183,not set
131,15.056835,-9.903047,not set
132,32.80572,-1.1688206,not set
133,23.153704,-8.45416,not set
134,23.104559,-2.2859545,not set
135,2.0480387,12.433732,not set
136,-0.028665986,-2.0540125,not set
137,18.35587,2.0572295,not set
138,17.524126,10.756601,not set
139,31.25264,-0.8828412,not set
140,20.777374,7.9304395,not set
141,24.469046,-9.071244,not set
142,13.769603,-9.55177,not set
143,2.2056663,8.078177,not set
144,37.521866,4.8348136,not set
145,2.1327465,11.294216,not set
146,4.1224666,6.5607224,not set
147,47.30802,1.8651525,not set
148,47.72884,-6.099155,not set
149,3.320333,-2.367991,not set
150,63.47681,-6.420939,not set
151,34.987797,1.8926958,not set
152,27.582531,-8.125857,not set
153,22.6359,-9.149112,not set
154,28.217466,-7.0395603,not set
155,-4.577474,-4.9565005,not set
156,36.382557,-5.514403,not set
157,19.92781,8.119153,not set
158,20.208351,-6.8536677,not set
159,8.931541,26.636894,not set
160,31.371908,16.268848,not set
161,-0.013133898,1.7805364,not set
162,29.531797,-5.399725,not set
163,18.185133,-3.9410553,not set
164,47.759533,-3.1819491,not set
165,0.73141116,-14.901117,not set
166,6.5267406,14.093819,not set
167,1.2789446,-11.626259,not set
168,12.461439,20.655865,not set
169,4.2356763,-0.90519035,not set
170,9.865398,1.2589655,not set
171,46.983463,-4.1277237,not set
172,46.89945,1.0778936,not set
173,30.518282,-2.2648487,not set
174,61.280888,-5.780301,not set
175,58.381767,12.473361,not set
176,28.467966,-3.857863,not set
177,52.68236,2.5864148,not set
178,65.96717,-3.6479402,not set
179,1.3324699,6.505282,not set
180,-2.7219782,-14.924673,not set
181,-7.856184,15.230771,not set
182,-5.4898467,16.883713,not set
183,39.98991,-1.9906609,not set
184,24.676537,-17.331245,not set
185,9.400803,-13.385272,not set
186,7.4384966,10.232441,not set
187,30.98635,23.196388,not set
188,8.551976,4.207118,not set
189,42.741947,12.019531,not set
190,39.875347,4.5214715,not set
191,23.561754,-4.1543,not set
192,3.0621285,4.325588,not set
193,19.621157,15.609499,not set
194,2.7871509,-6.0014167,not set
195,64.2393,15.605595,not set
196,24.5608,12.919068,not set
197,54.342392,-11.193502,not set
198,36.01076,-5.150286,not set
199,-1.1122477,24.461857,not set
200,12.243497,-14.098125,not set
201,9.134366,15.094474,not set
202,17.648916,-7.3077025,not set
203,-3.6486099,6.727941,not set
204,14.527219,-7.5006104,not set
205,23.980476,1.8999829,not set
206,50.426846,-3.817615,not set
207,38.21227,-3.2761352,not set
208,5.1830683,14.692192,not set
209,34.41076,-9.331203,not set
210,25.228489,21.33982,not set
211,21.36713,6.8613915,not set
212,29.434029,1.6871233,not set
213,21.240582,7.4042163,not set
214,10.292254,9.013136,not set
215,2.2708876,-15.63884,not set
216,8.967157,9.528004,not set
217,33.11872,5.1360197,not set
218,43.098026,2.5250401,not set
219,45.444477,2.7557125,not set
220,33.868492,19.217789,not set
221,5.632626,-11.161449,not set
222,29.650812,-11.847785,not set
223,66.513054,10.450298,not set
224,2.0857804,-3.190415,not set
225,2.949785,4.144609,not set
226,24.788218,-8.946943,not set
227,54.105686,-7.769587,not set
228,15.189699,11.161712,not set
229,12.214105,-7.952198,not set
230,34.640858,-1.553478,not set
231,-0.8111782,34.246326,not set
232,-0.34789422,6.161329,not set
233,17.751398,8.36519,not set
234,0.58882606,5.9774394,not set
235,41.72822,-1.8405174,not set
236,33.572693,-0.025272164,not set
237,-4.702764,22.520998,not set
238,18.506195,-7.9038854,not set
239,25.908081,-21.345564,not set
240,18.85629,-2.6923819,not set
241,31.281162,-5.8644276,not set
242,25.326212,-4.736647,not set
243,4.5654345,-7.750577,not set
244,29.09125,16.550602,not set
245,37.175858,5.6617956,not set
246,13.835727,9.215211,not set
247,30.523088,-4.2805376,not set
248,44.971752,-0.65043354,not set
249,23.029636,-5.6487217,not set
250,38.651028,1.9736025,not set
251,21.728544,-14.612383,not set
252,17.871046,16.312286,not set
253,24.744389,3.1005416,not set
254,39.73473,1.0701683,not set
255,22.355827,0.544469,not set
256,23.503149,-5.94548,not set
257,-2.8119466,19.108273,not set
258,-0.65789723,12.545851,not set
259,22.20133,-0.74394166,not set
260,14.383198,38.546997,not set
261,-4.7040405,-2.782403,not set
262,59.581783,-9.299646,not set
263,31.344818,-17.909689,not set
264,17.86383,-14.816851,not set
265,44.24634,-6.0806904,not set
266,34.77328,-3.3656564,not set
267,21.327415,-11.570753,not set
268,9.470121,-15.037855,not set
269,28.795197,1.1066778,not set
270,63.079575,1.4842646,not set
271,25.112558,1.7400188,not set
272,-3.8572078,-9.385083,not set
273,33.6514,13.295978,not set
274,32.754524,4.0005746,not set
275,23.934797,2.9087107,not set
276,40.014202,-7.268221,not set
277,42.559246,0.41511354,not set
278,30.210892,-9.591804,not set
279,26.031328,13.765324,not set
280,13.973489,-17.746279,not set
281,28.813412,-6.292431,not set
282,26.279196,-3.0544934,not set
283,47.066505,3.50951,not set
284,56.42624,-2.229719,not set
285,35.66778,-10.6748085,not set
286,16.784792,-5.5852966,not set
287,23.818026,6.0220838,not set
288,-2.3739974,-10.899132,not set
289,58.177773,2.7523432,not set
290,25.151632,17.626188,not set
291,53.123272,-14.277505,not set
292,50.056656,7.9177074,not set
293,10.70602,9.211211,not set
294,15.66624,-0.9045718,not set
295,31.61351,-1.2021146,not set
296,8.8148,11.978329,not set
297,24.97561,5.846304,not set
298,61.623493,-8.621411,not set
299,6.80326,13.035742,not set
300,16.358934,-7.0352015,not set
301,35.30905,10.312577,not set
302,8.991715,20.076433,not set
303,40.286777,-5.9399605,not set
304,-3.1900616,5.4064546,not set
305,19.39147,6.0831985,not set
306,37.005356,1.4305229,not set
307,41.29989,6.226811,not set
308,18.10045,0.1390491,not set
309,66.08593,-9.395779,not set
310,62.009148,-3.7127798,not set
311,4.074329,1.5714686,not set
312,16.222755,-2.356801,not set
313,1.4588336,4.679259,not set
314,43.883026,0.25671428,not set
315,-7.733454,4.116618,not set
316,30.246511,-7.2530055,not set
317,2.869595,-12.585209,not set
318,47.01473,3.6640186,not set
319,70.4312,2.8828712,not set
320,11.249136,-8.783954,not set
321,19.169247,19.158812,not set
322,23.010778,1.2314856,not set
323,17.209923,-3.4129984,not set
324,-3.4611912,-1.3462055,not set
325,-8.909422,13.366759,not set
326,33.95585,-12.018726,not set
327,8.44821,-8.155021,not set
328,11.080673,11.156249,not set
329,22.816004,-1.8137031,not set
330,31.587978,2.15236,not set
331,6.082832,4.0357647,not set
332,-1.6819073,7.269814,not set
333,10.206301,6.8108587,not set
334,10.119306,-8.887204,not set
335,37.21437,26.170969,not set
336,-0.4170639,2.4729264,not set
337,44.348907,0.9441747,not set
338,2.588829,0.4318789,not set
339,10.012113,11.615596,not set
340,17.862413,-7.3809505,not set
341,35.656494,-6.571275,not set
342,41.711193,-2.5037227,not set
343,40.07813,-3.3650656,not set
344,13.252492,-8.578492,not set
345,29.040092,-3.3591857,not set
346,42.540264,-12.77834,not set
347,24.909592,4.9530096,not set
348,13.4043045,-0.018048381,not set
349,44.95366,6.4001007,not set
350,41.269,-1.9196469,not set
351,40.954338,-4.399948,not set
352,23.297493,18.716095,not set
353,7.98304,-7.332924,not set
354,12.739455,10.503069,not set
355,22.97068,8.801,not set
356,17.309591,-5.1367197,not set
357,15.927972,1.8483458,not set
358,23.852478,-15.179387,not set
359,53.326427,4.071181,not set
360,38.493645,-5.1221724,not set
361,1.7748282,13.4043665,not set
362,14.556434,6.2973576,not set
363,6.2728977,-9.962618,not set
364,11.958995,-3.5623488,not set
365,6.883325,-0.95281655,not set
366,28.612062,7.372186,not set
367,25.741789,5.370993,not set
368,64.03247,-1.6700879,not set
369,43.927063,-5.0030556,not set
370,49.57336,-12.482037,not set
371,14.307613,16.656826,not set
372,22.72816,11.372762,not set
373,4.963431,-5.975817,not set
374,55.8037,-4.666611,not set
375,21.9751,-5.9517956,not set
376,30.693975,-0.98856497,not set
377,-2.073761,6.2991753,not set
378,5.8641405,14.017391,not set
379,28.273396,-6.207124,not set
380,20.95745,-3.3341246,not set
381,1.5917107,7.405375,not set
382,26.31771,3.7082357,not set
383,4.5826283,20.516485,not set
384,20.152033,-4.922923,not set
385,25.389322,-7.021612,not set
386,34.395447,-1.9994385,not set
387,49.553368,1.1519405,not set
388,11.801885,-12.020175,not set
389,10.506804,1.6849715,not set
390,17.295176,-4.3481836,not set
391,26.235,-14.860091,not set
392,34.45008,-15.091991,not set
393,3.5107467,-18.434433,not set
394,-0.42955214,-4.296111,not set
395,22.6284,21.90944,not set
396,14.453054,-12.107334,not set
397,-14.46861,16.403423,not set
398,21.781229,-9.936878,not set
399,16.994642,1.4974704,not set
400,64.30272,6.4017015,not set
401,32.681225,-7.0050445,not set
402,14.01043,20.324121,not set
403,15.227974,14.931044,not set
404,2.86024,-14.239388,not set
405,34.410904,-1.5258452,not set
406,0.8470809,0.7308378,not set
407,-3.9895694,2.3797975,not set
408,3.0448792,2.6451576,not set
409,18.740807,-10.33803,not set
410,19.185535,4.5642834,not set
411,17.705278,-5.617372,not set
412,-8.612613,13.369561,not set
413,4.0204635,-4.799755,not set
414,19.880728,4.9396467,not set
415,28.09863,-1.6489147,not set
416,35.947403,-9.541491,not set
417,34.38377,-2.0557868,not set
418,30.400135,-9.989667,not set
419,56.371063,-4.0070987,not set
420,3.6159363,15.893496,not set
421,31.6624,4.242557,not set
422,56.496677,-3.0346258,not set
423,21.93024,5.814794,not set
424,3.397004,1.8936597,not set
425,18.322462,-13.289973,not set
426,28.460352,-3.0668044,not set
427,35.5252,-5.6988535,not set
428,17.045897,24.993475,not set
429,25.088633,6.2821355,not set
430,-4.566302,9.536665,not set
431,38.994064,14.931939,not set
432,2.2524562,-2.9305768,not set
433,20.309055,24.32863,not set
434,3.7276666,-0.67083406,not set
435,38.697136,1.3947498,not set
436,17.486021,-11.257976,not set
437,66.106255,2.743655,not set
438,39.670086,-14.507866,not set
439,12.932896,16.612818,not set
440,19.699497,-8.515849,not set
441,57.637684,12.574171,not set
442,21.537893,17.024958,not set
443,18.458553,-12.416158,not set
444,28.505041,3.504354,not set
445,27.226202,-6.2236395,not set
446,2.3785696,0.4222719,not set
447,9.372619,-9.370991,not set
448,41.062546,1.3933657,not set
449,46.67764,1.0989242,not set
450,15.120293,-3.6648462,not set
451,10.558908,15.04239,not set
452,36.98299,1.6875976,not set
453,3.5829155,17.125856,not set
454,27.731964,-6.649034,not set
455,17.344093,19.873543,not set
456,12.054457,14.046522,not set
457,26.515171,-7.9647255,not set
458,-6.9990554,8.734534,not set
459,16.107454,-8.750918,not set
460,22.601437,-2.3647656,not set
461,0.5585871,-6.7209644,not set
462,39.340584,1.8953493,not set
463,6.411757,-13.789245,not set
464,37.937916,12.820677,not set
465,27.633602,9.38895,not set
466,26.811436,-7.267934,not set
467,5.605211,-8.032276,not set
468,20.122658,-4.9621673,not set
469,9.648536,25.265615,not set
470,30.760078,23.76087,not set
471,33.393375,-8.258491,not set
472,23.959507,-10.195345,not set
473,16.168455,0.66482985,not set
474,14.735806,5.687706,not set
475,29.712471,-5.4958,not set
476,37.325626,1.0837244,not set
477,31.860252,-13.214581,not set
478,51.074913,-6.6578493,not set
479,25.975145,-6.5483975,not set
480,20.954157,7.679917,not set
481,12.958567,8.757812,not set
482,25.794773,4.8314424,not set
483,30.28069,-7.4475703,not set
484,31.24448,-9.438811,not set
485,3.1700473,4.920396,not set
486,42.416576,-15.155413,not set
487,23.671186,-3.6468632,not set
488,-2.1381238,0.92002636,not set
489,28.569822,2.3695145,not set
490,12.772539,10.636784,not set
491,-7.8998237,0.65559673,not set
492,11.936797,0.4939805,not set
493,27.294912,-7.962874,not set
494,32.092125,1.3731006,not set
495,19.169128,10.734088,not set
496,23.419659,2.3817425,not set
497,31.404697,-3.81939,not set
498,0.66423786,21.373463,not set
499,26.153606,-5.0737076,not set
500,13.9552355,-10.8147135,not set
501,34.680862,-13.946921,not set
502,6.8756604,-1.3178554,not set
503,9.161637,-3.6328325,not set
504,10.854222,13.713104,not set
505,10.195901,8.260169,not set
506,23.008465,-1.8665144,not set
507,28.16042,14.687077,not set
508,33.114357,1.0006181,not set
509,17.77311,-5.352822,not set
510,16.840384,-3.8376298,not set
511,36.999043,4.240344,not set
512,11.134936,21.958794,not set
513,31.684118,-3.7616568,not set
514,6.1983705,17.405222,not set
515,26.717882,12.182809,not set
516,56.097256,-8.801382,not set
517,-2.3580678,0.40532595,not set
518,62.662437,-4.0891137,not set
519,13.100006,-7.765576,not set
520,60.924576,1.4564672,not set
521,18.221395,8.322594,not set
522,7.5333533,-5.732929,not set
523,3.283917,17.478739,not set
524,78.522224,7.7888484,not set
525,5.0491734,-4.5009465,not set
526,37.12311,-13.610055,not set
527,22.062822,-10.404887,not set
528,30.949524,7.902247,not set
529,56.482365,-6.1850557,not set
530,4.5653567,10.472193,not set
531,5.587428,10.097844,not set
532,29.093262,-0.5994705,not set
533,50.542816,3.4698575,not set
534,19.291594,15.732539,not set
535,28.364601,-5.1617312,not set
536,24.152493,-3.4412317,not set
537,41.394173,6.9492908,not set
538,21.536644,1.7108074,not set
539,24.587301,-7.1959114,not set
540,-1.0291114,3.3506935,not set
541,41.631557,-1.4299831,not set
542,1.1270278,-2.9842937,not set
543,15.694246,15.388015,not set
544,23.506956,-11.648975,not set
545,27.415293,-7.379275,not set
546,28.600487,-4.6786294,not set
547,37.432056,7.62214,not set
548,29.924128,8.151123,not set
549,17.359632,16.8287,not set
550,-3.9931962,-0.82350147,not set
551,-3.0838351,17.578506,not set
552,19.559116,-4.380534,not set
553,62.612705,-1.4165326,not set
554,42.765446,13.702584,not set
555,17.563105,-8.717925,not set
556,40.92314,-1.8395467,not set
557,30.305439,1.4775714,not set
558,22.39153,15.713297,not set
559,-1.1423476,-2.422561,not set
560,4.8342752,3.679826,not set
561,-6.4012356,-11.042697,not set
562,54.18904,2.709987,not set
563,7.406146,-7.8987813,not set
564,7.4153957,11.68163,not set
565,9.429236,-1.9906586,not set
566,14.475336,6.094757,not set
567,7.4292264,-3.835258,not set
568,32.93527,-2.7949765,not set
569,-3.5637589,-2.1239543,not set
570,19.940847,7.752655,not set
571,17.04544,-3.9804618,not set
572,28.401161,24.15826,not set
573,12.025259,8.498211,not set
574,-1.2580196,12.664264,not set
575,3.9658844,-10.078456,not set
576,1.3472781,-5.7422667,not set
577,-4.316123,3.3791618,not set
578,23.197664,4.6572323,not set
579,18.550117,15.108687,not set
580,14.745104,0.45525074,not set
581,34.24559,-5.1431646,not set
582,52.1047,7.411999,not set
583,49.68911,-2.1673102,not set
584,26.64235,-2.8705306,not set
585,50.865932,-2.397625,not set
586,64.46976,0.45878932,not set
587,37.36664,-2.5762568,not set
588,35.736267,-11.787214,not set
589,-0.37297088,7.5505214,not set
590,12.612929,-8.754519,not set
591,14.940721,-6.570247,not set
592,1.4053116,-14.063886,not set
593,-7.6249504,1.7327536,not set
594,24.486204,8.227025,not set
595,31.303453,-4.3915296,not set
596,7.967002,24.532665,not set
597,3.8804712,11.578411,not set
598,28.684345,-3.1736832,not set
599,35.27622,21.027039,not set
600,20.291882,-1.7275379,not set
601,52.88839,-11.936082,not set
602,33.508877,-2.571061,not set
603,69.00547,-9.644533,not set
604,27.014103,12.098589,not set
605,17.216164,5.289525,not set
606,53.041836,3.4818096,not set
607,16.249077,-1.7477859,not set
608,12.176568,17.374525,not set
609,33.583572,0.9354355,not set
610,30.003824,13.689693,not set
611,3.3240242,-0.90605026,not set
612,1.4066329,-4.0682936,not set
613,0.6435356,30.507948,not set
614,43.217213,-4.909336,not set
615,36.258656,6.40628,not set
616,-4.8812723,11.448073,not set
617,51.17341,4.206726,not set
618,76.96063,13.088545,not set
619,2.8938622,0.9623808,not set
620,14.769525,8.816298,not set
621,35.566357,7.2964015,not set
622,47.20022,-0.9999712,not set
623,24.909763,-2.241167,not set
624,11.163236,2.2108417,not set
625,56.21036,5.5538573,not set
626,4.9935336,-14.54131,not set
627,51.82347,-15.991096,not set
628,6.909808,13.350625,not set
629,40.318745,-7.504728,not set
630,38.400024,15.743212,not set
631,41.363655,-4.3613772,not set
632,21.342876,7.8150563,not set
633,35.188705,-1.7586001,not set
634,21.775967,-6.7574487,not set
635,25.407454,15.653446,not set
636,40.19986,2.2759721,not set
637,21.351994,-11.477151,not set
638,32.014595,1.2987727,not set
639,46.357994,5.1440377,not set
640,33.816025,5.4007215,not set
641,35.682602,-8.365416,not set
642,12.680442,19.170479,not set
643,46.698914,13.408741,not set
644,1.54932,19.510445,not set
645,3.3842769,-16.57986,not set
646,36.594612,0.62141556,not set
647,5.217529,21.393238,not set
648,42.628483,26.75148,not set
649,47.199383,-18.769846,not set
650,19.18036,3.597137,not set
651,25.001331,-5.4588995,not set
652,30.28597,1.5765659,not set
653,4.932257,0.51927245,not set
654,6.881472,-1.3071079,not set
655,22.582895,-16.249622,not set
656,24.16324,12.897655,not set
657,30.456675,2.5088665,not set
658,34.493668,9.256209,not set
659,38.254787,1.175054,not set
660,36.14808,-4.877252,not set
661,42.200512,-1.4901503,not set
662,26.504278,11.068121,not set
663,8.271043,22.11294,not set
664,38.29606,0.56562597,not set
665,12.694217,10.806469,not set
666,29.160086,-6.2822814,not set
667,22.482948,-0.22267489,not set
668,48.484665,-0.98165643,not set
669,19.970703,6.659752,not set
670,38.841946,-10.769328,not set
671,9.501892,17.058056,not set
672,-2.3005364,11.816885,not set
673,15.477273,-10.711522,not set
674,5.9549294,5.683748,not set
675,6.4110136,1.49527,not set
676,13.881307,-12.686363,not set
677,8.371271,2.3967354,not set
678,46.55327,3.4640496,not set
679,15.038672,-7.9857974,not set
680,27.634203,8.353648,not set
681,0.051194895,-13.926936,not set
682,25.71468,3.788675,not set
683,10.397754,4.0240846,not set
684,31.643782,-2.563409,not set
685,14.591906,7.1404195,not set
686,46.40864,-3.5324438,not set
687,3.0273967,15.897976,not set
688,36.56311,-3.189705,not set
689,-5.18372,4.5541425,not set
690,13.9535265,-8.396463,not set
691,37.40026,4.566858,not set
692,51.393204,-6.972363,not set
693,14.914873,11.128286,not set
694,45.282978,0.8517981,not set
695,58.348534,-3.6912115,not set
696,-7.4089746,23.723375,not set
697,19.908228,-1.1724135,not set
698,19.688215,3.2308664,not set
699,69.70374,-2.026924,not set
700,44.96306,-4.1810217,not set
701,38.446533,-4.0737247,not set
702,43.262844,4.701396,not set
703,34.55972,4.623456,not set
704,23.377352,7.536146,not set
705,32.8977,-6.579591,not set
706,29.446205,1.2428076,not set
707,35.025646,-8.519655,not set
708,18.674717,14.357223,not set
709,13.815069,-13.221159,not set
710,9.780913,-16.591898,not set
711,25.63397,1.655011,not set
712,0.53522843,0.10619091,not set
713,19.685545,-5.3527884,not set
714,61.479374,-2.5349002,not set
715,34.506996,-3.358626,not set
716,5.539116,18.900219,not set
717,70.93469,9.394652,not set
718,39.447742,-0.8854311,not set
719,40.108494,2.1449988,not set
720,10.518217,-11.159383,not set
721,24.217777,-8.581059,not set
722,1.2765152,4.032826,not set
723,24.315756,-19.840443,not set
724,25.006855,-4.3933096,not set
725,30.938417,2.8878405,not set
726,31.964283,-17.152815,not set
727,27.142782,-4.2908807,not set
728,59.583233,-3.634768,not set
729,66.06754,19.30099,not set
730,29.324444,2.1342237,not set
731,39.336796,-8.130173,not set
732,-0.021039706,-8.768746,not set
733,16.21461,4.308814,not set
734,16.425697,0.4856219,not set
735,47.246128,28.040648,not set
736,24.572157,-9.429131,not set
737,7.8795676,-3.7795215,not set
738,10.027996,11.352128,not set
739,15.224059,-8.649022,not set
740,4.519587,10.032434,not set
741,5.580229,15.089148,not set
742,15.108517,5.93571,not set
743,65.20518,-6.5808234,not set
744,25.098923,-10.507761,not set
745,15.393482,-9.526133,not set
746,59.173336,3.1728184,not set
747,29.235376,-13.388046,not set
748,29.261566,-13.109901,not set
749,39.92942,-4.073149,not set
750,10.972326,9.467017,not set
751,4.0501328,-8.400244,not set
752,22.268028,2.5934308,not set
753,18.670969,-5.7897835,not set
754,-1.0736991,-9.732005,not set
755,27.977804,5.736144,not set
756,0.49635735,-11.31247,not set
757,8.915014,-3.8194776,not set
758,2.260097,6.262323,not set
759,21.528967,-3.8187237,not set
760,55.16116,2.4483397,not set
761,47.41511,-1.340713,not set
762,12.006693,-1.0431447,not set
763,21.04605,6.186399,not set
764,5.443623,-13.436793,not set
765,30.291346,-4.4158654,not set
766,49.13704,7.189253,not set
767,62.275337,-5.179046,not set
768,38.62851,21.529436,not set
769,58.26735,-5.9726067,not set
770,12.664631,2.0829508,not set
771,16.438517,-2.4272428,not set
772,22.107777,3.638904,not set
773,54.2875,-16.467058,not set
774,26.430605,1.295226,not set
775,68.55134,13.35459,not set
776,36.04706,17.54158,not set
777,63.135555,6.382497,not set
778,7.1466594,-5.3976035,not set
779,10.4396715,-3.3178244,not set
780,46.55997,5.528199,not set
781,58.92429,-5.93735,not set
782,38.11503,1.1677896,not set
783,35.95854,5.022853,not set
784,15.826047,4.1822214,not set
785,35.06398,-4.972991,not set
786,-7.6088595,25.460165,not set
787,22.415949,14.307302,not set
788,63.999523,-4.4928875,not set
789,16.220724,-0.712524,not set
790,12.11154,5.46887,not set
791,55.09935,-2.7676113,not set
792,14.811766,-14.532216,not set
793,38.095814,-2.8716872,not set
794,4.791792,8.617422,not set
795,3.7816608,14.788792,not set
796,16.007504,8.447331,not set
797,-6.504139,-3.9448223,not set
798,26.538256,9.908964,not set
799,-5.2171755,14.58507,not set
800,3.494803,-6.1516767,not set
801,29.263424,-4.845335,not set
802,33.90151,6.380641,not set
803,14.294239,-21.12281,not set
804,3.2733884,-0.07576169,not set
805,55.723927,-13.697737,not set
806,36.675186,3.8209019,not set
807,8.806035,-2.9962585,not set
808,30.896034,-8.049886,not set
809,10.221879,3.7608857,not set
810,31.686016,0.4832268,not set
811,16.167238,6.5559754,not set
812,37.30022,-3.6392677,not set
813,31.851799,-13.736473,not set
814,25.307228,4.410379,not set
815,42.39674,-0.48992223,not set
816,22.834085,0.19705574,not set
817,41.83069,-12.723914,not set
818,14.110949,-3.0671997,not set
819,20.403597,5.485997,not set
820,25.917503,7.1346684,not set
821,25.645763,7.00098,not set
822,19.675522,-2.889732,not set
823,12.049865,37.899506,not set
824,28.217215,5.529448,not set
825,-5.5150185,22.26328,not set
826,-4.564471,6.8079324,not set
827,32.58192,-0.028493507,not set
828,22.606184,-13.139639,not set
829,26.23453,-10.316533,not set
830,30.560587,18.461702,not set
831,67.02115,1.9890605,not set
832,7.088909,-0.07169514,not set
833,51.72126,1.487583,not set
834,12.736969,22.06435,not set
835,8.115059,-6.615003,not set
836,61.406075,-4.5110207,not set
837,37.46707,-4.2296605,not set
838,21.857046,-9.84551,not set
839,28.214178,5.7328873,not set
840,18.907595,-4.6308694,not set
841,16.607891,6.925564,not set
842,32.22388,14.135236,not set
843,24.263021,2.8768399,not set
844,45.16222,2.5487618,not set
845,-2.4944017,-10.897694,not set
846,64.08878,7.367678,not set
847,27.945625,17.045189,not set
848,20.98051,14.00595,not set
849,26.486984,-4.4210277,not set
850,13.577139,10.71955,not set
851,-1.9727023,1.7866027,not set
852,14.2222395,-1.2677397,not set
853,17.331234,-3.9936454,not set
854,1.7085828,-11.098595,not set
855,14.843441,-15.72435,not set
856,44.06121,-8.118953,not set
857,8.322904,-2.7697673,not set
858,-4.769967,2.366428,not set
859,32.211666,4.7363706,not set
860,35.402775,9.695666,not set
861,19.894846,13.408798,not set
862,6.50887,-11.481416,not set
863,23.281492,7.7244287,not set
864,-0.18215391,4.86157,not set
865,11.090714,-13.097984,not set
866,34.62528,1.7872268,not set
867,39.96984,15.702628,not set
868,32.64512,2.8303282,not set
869,1.8408341,4.012405,not set
870,3.690202,7.100225,not set
871,25.018616,-12.660886,not set
872,39.40663,-0.5562466,not set
873,4.493871,15.207362,not set
874,40.439228,-2.1458478,not set
875,24.733078,-6.0477815,not set
876,18.654898,-6.335098,not set
877,20.75144,-3.7274342,not set
878,23.57006,8.235145,not set
879,17.259747,0.8881873,not set
880,26.976345,-12.50883,not set
881,31.364668,-8.378602,not set
882,34.162346,5.327975,not set
883,18.763905,7.50929,not set
884,43.768887,-10.836803,not set
885,30.601185,12.063237,not set
886,31.266792,2.0740476,not set
887,36.523537,4.894675,not set
888,49.645042,-1.5246506,not set
889,27.441689,-11.186634,not set
890,22.858109,-1.1880186,not set
891,32.211224,-14.207321,not set
892,39.94071,-7.1715765,not set
893,29.952135,-10.4032135,not set
894,21.953049,1.1054024,not set
895,29.497458,4.535016,not set
896,13.8542595,-4.8290443,not set
897,12.65791,-13.409061,not set
898,6.660085,1.3377626,not set
899,22.100122,-7.6731315,not set
900,26.720924,1.0509716,not set
901,43.32121,-2.0815365,not set
902,11.093039,11.933766,not set
903,38.4013,-4.0384946,not set
904,33.471203,18.008266,not set
905,29.020369,-8.395589,not set
906,37.269245,-7.9518957,not set
907,23.200615,5.2040663,not set
908,9.216187,-9.662707,not set
909,31.074411,9.33673,not set
910,0.026724312,18.289427,not set
911,40.09812,3.958431,not set
912,11.036474,-3.1003277,not set
913,22.34004,13.536753,not set
914,14.871964,-10.12629,not set
915,-2.10927,-6.685586,not set
916,19.778605,-0.027914833,not set
917,4.630303,-23.158321,not set
918,19.128633,-5.3924103,not set
919,19.455284,-9.302431,not set
920,17.336496,-12.710203,not set
921,32.719833,13.843862,not set
922,17.062485,10.032262,not set
923,7.2853527,5.5617476,not set
924,-5.258546,26.676989,not set
925,22.711338,-14.55676,not set
926,0.12257661,-5.74836,not set
927,17.473116,6.162483,not set
928,5.3654275,-9.2462635,not set
929,37.77663,-0.6951456,not set
930,19.146112,-10.068542,not set
931,6.6139193,26.657524,not set
932,42.012012,1.5523282,not set
933,47.244717,4.009837,not set
934,61.03069,2.816573,not set
935,3.0592709,-3.752356,not set
936,-0.9921521,12.396325,not set
937,10.905672,-5.02117,not set
938,29.988722,-5.209256,not set
939,40.53096,-2.643017,not set
940,21.146944,-1.6523564,not set
941,-8.172791,25.26076,not set
942,5.668912,-12.783959,not set
943,-1.8650699,-12.818286,not set
944,23.612713,3.222823,not set
945,20.766064,-4.2910323,not set
946,12.773988,2.7110963,not set
947,7.5857735,-5.791344,not set
948,27.902416,-3.9150183,not set
949,26.292652,9.4303055,not set
950,30.966555,6.558094,not set
951,20.819376,-12.51187,not set
952,14.410513,-10.440967,not set
953,57.641632,-0.025863096,not set
954,-0.50017107,28.99946,not set
955,39.25519,21.437744,not set
956,17.195795,-2.6336102,not set
957,29.273365,18.344955,not set
958,56.152298,8.853236,not set
959,33.883945,-2.3406625,not set
960,18.075256,-5.4999266,not set
961,19.903126,-2.7480218,not set
962,38.440052,-2.1383247,not set
963,10.184944,0.4618666,not set
964,2.6140015,-8.979326,not set
965,29.984953,11.879282,not set
966,40.076347,-6.8447986,not set
967,26.730198,17.016247,not set
968,43.707737,-12.302205,not set
969,26.530317,-10.375985,not set
970,38.42518,13.676761,not set
971,34.70451,-7.452423,not set
972,4.232981,-11.422868,not set
973,-1.3670874,17.579918,not set
974,56.35064,2.740813,not set
975,10.357234,7.172002,not set
976,18.841934,7.4565063,not set
977,67.70865,-3.9073875,not set
978,4.5773473,-0.4660301,not set
979,18.225985,-0.61772335,not set
980,-0.94593835,7.359971,not set
981,25.139,-6.4616513,not set
982,-0.4938924,1.7824147,not set
983,-3.4168518,16.500639,not set
984,0.94757694,-2.8241563,not set
985,25.058828,0.23461606,not set
986,28.961298,-2.332141,not set
987,34.796757,-0.19988714,not set
988,10.578584,-16.851255,not set
989,48.87855,-6.4754233,not set
990,26.690468,18.572172,not set
991,30.41884,8.863811,not set
992,10.559942,-4.170055,not set
993,31.601994,0.24433292,not set
994,32.804,-9.842015,not set
995,3.924553,24.498358,not set
996,50.804646,-0.8531399,not set
997,10.15821,8.360673,not set
998,-0.8128096,0.39956656,not set
999,40.222206,19.50911,not set
1000,18.949968,15.013573,not set
1001,40.475723,-9.13318,not set
1002,11.033214,-8.967933,not set
1003,-1.0719453,-1.3459343,not set
1004,19.507065,-13.213098,not set
1005,16.74164,9.822053,not set
1006,23.563751,3.6435199,not set
1007,6.992885,0.4132194,not set
1008,26.45843,-0.8994876,not set
1009,40.18271,1.6340656,not set
1010,13.798657,13.955674,not set
1011,16.420916,21.950956,not set
1012,12.118954,5.154833,not set
1013,13.435279,22.778551,not set
1014,4.230453,-6.650449,not set
1015,68.256584,7.31999,not set
1016,11.207318,-3.8353662,not set
1017,47.931416,-12.485384,not set
1018,4.9377594,-13.492442,not set
1019,-1.6249938,2.5454466,not set
1020,14.727282,0.7245534,not set
1021,35.32316,0.6098039,not set
1022,31.383188,3.291409,not set
1023,-5.9729395,10.237924,not set
1024,13.666434,2.20524,not set
1025,-7.835316,4.3872066,not set
1026,4.383679,-8.287495,not set
1027,9.616495,-3.9866855,not set
1028,20.05825,2.6290598,not set
1029,-5.114449,16.744942,not set
1030,17.95696,-6.309947,not set
1031,0.66820776,24.499468,not set
1032,14.96669,-4.629368,not set
1033,62.978832,1.6185741,not set
1034,13.448559,11.950929,not set
1035,24.286999,-0.94260854,not set
1036,14.131657,-4.6645703,not set
1037,48.305965,-13.07136,not set
1038,49.55691,-2.9500215,not set
1039,8.833645,11.622341,not set
1040,10.878245,11.758142,not set
1041,10.623926,28.796518,not set
1042,-0.58851707,-1.2105336,not set
1043,38.09966,2.6193712,not set
1044,28.307678,21.808998,not set
1045,38.831814,2.738342,not set
1046,31.210464,5.053928,not set
1047,10.256955,-7.10804,not set
1048,-6.2381687,16.412014,not set
1049,52.787838,-12.419884,not set
1050,10.658826,-12.2092085,not set
1051,10.5261965,11.539885,not set
1052,39.82038,-11.702548,not set
1053,62.611317,3.5403152,not set
1054,9.036098,-14.072358,not set
1055,36.655396,10.980241,not set
1056,-1.8875053,6.089524,not set
1057,9.955721,-1.1571537,not set
1058,0.88897735,-14.87583,not set
1059,-4.3129334,4.294075,not set
1060,11.929624,-11.109612,not set
1061,-0.44124237,15.090001,not set
1062,20.3117,0.661139,not set
1063,-2.8397717,-0.93004906,not set
1064,47.227448,-1.6909006,not set
1065,9.545293,-9.426214,not set
1066,-8.284107,12.071418,not set
1067,37.9884,12.112408,not set
1068,43.171494,13.57216,not set
1069,21.494902,8.019408,not set
1070,22.073633,-8.52945,not set
1071,28.148582,15.680437,not set
1072,21.221111,-7.7091026,not set
1073,6.1565685,5.542209,not set
1074,9.396196,15.400786,not set
1075,13.99219,-0.9037666,not set
1076,34.19789,-15.456806,not set
1077,42.60439,10.93009,not set
1078,32.67322,-8.284868,not set
1079,34.02986,-5.5386844,not set
1080,-24.305994,16.517233,set
1081,-24.881248,26.803593,set
1082,-22.884504,8.409557,set
1083,-23.397009,9.058872,set
1084,-28.768148,20.64684,set
1085,-22.21669,-2.3778143,set
1086,-22.35473,-3.0845733,set
1087,-26.167751,11.3178,set
1088,-20.199013,-9.6452675,set
1089,-15.462087,-11.383782,set
1090,-25.918644,12.6891,set
1091,-21.806952,-10.786399,set
1092,-24.67423,-7.3323393,set
1093,-30.419157,28.914232,set
1094,-20.33897,10.781683,set
1095,-24.488129,10.025204,set
1096,-26.93367,23.091238,set
1097,-18.03376,1.9329333,set
1098,-21.441523,3.2819417,set
1099,-24.179226,18.69423,set
1100,-19.72337,0.18694943,set
1101,-21.935253,-0.77419186,set
1102,-24.77294,7.7569795,set
1103,-23.132341,-13.228984,set
1104,-19.49607,-15.465609,set
1105,-26.3973,3.0684316,set
1106,-21.430336,-20.855074,set
1107,-18.101994,-19.343945,set
1108,-24.625648,3.5892324,set
1109,-14.789855,-21.526094,set
1110,-22.5416,-23.130405,set
1111,-25.12892,10.573189,set
1112,-21.882214,-13.374365,set
1113,-22.154446,-9.979481,set
1114,-21.811008,4.5162683,set
1115,-22.264292,-23.32185,set
1116,-18.650465,-18.658325,set
1117,-21.068295,4.0968266,set
1118,-20.723322,-20.48991,set
1119,-12.650791,-23.251379,set
1120,-21.9277,6.892891,set
1121,-23.833506,19.059278,set
1122,-22.06403,7.1215434,set
1123,-25.163538,-3.7481494,set
1124,-23.521343,9.730879,set
1125,-22.10459,-8.878761,set
1126,-22.991884,-12.170912,set
1127,-27.654085,-1.135715,set
1128,-21.18763,-13.578993,set
1129,-22.406712,-12.127242,set
1130,-22.952623,-2.235294,set
1131,-23.123426,-11.7612295,set
1132,-28.045162,4.933895,set
1133,-31.794085,28.739513,set
1134,-28.724766,10.042004,set
1135,-23.655188,2.4083333,set
1136,-25.685658,19.135717,set
1137,-25.23809,2.391741,set
1138,-22.670889,0.8448655,set
1139,-28.243547,18.307833,set
1140,-24.662636,1.3416549,set
1141,-23.939352,-15.256654,set
1142,-26.437065,-0.8501009,set
1143,-25.53871,-19.429647,set
1144,-18.67029,-18.146715,set
1145,-18.568506,-5.1153283,set
1146,-23.001053,-20.373528,set
1147,-18.902252,-23.1656,set
1148,-22.646786,-8.644086,set
1149,-25.156563,-25.134926,set
1150,-20.969612,-19.18399,set
1151,-25.56102,0.77474517,set
1152,-23.158243,-11.821773,set
1153,-20.813255,-19.491823,set
1154,-23.410189,-10.061004,set
1155,-21.19047,-21.209795,set
1156,-21.359228,-21.995796,set
1157,-20.565475,-9.309539,set
1158,-21.23901,-20.710476,set
1159,-24.623388,6.3028693,set
1160,-23.989687,8.6187315,set
1161,-26.75447,22.382734,set
1162,-24.67275,-5.617819,set
1163,-26.898186,-8.342136,set
1164,-25.216963,9.633993,set
1165,-24.106703,-14.159598,set
1166,-23.536367,-16.310415,set
1167,-20.25341,-0.19966193,set
1168,-23.166565,-11.2220545,set
1169,-20.444153,-16.470001,set
1170,-23.987106,0.89703584,set
1171,-27.901876,7.753679,set
1172,-22.794298,11.400163,set
1173,-29.831837,20.108664,set
1174,-23.271837,2.105689,set
1175,-24.360167,4.033538,set
1176,-19.926708,16.839417,set
1177,-25.459894,2.0977244,set
1178,-24.245195,2.0190268,set
1179,-22.643066,13.417386,set
1180,-27.170797,-16.088217,set
1181,-21.59877,-18.798338,set
1182,-22.446222,-0.162521,set
1183,-15.706015,-19.007023,set
1184,-20.611063,-20.789122,set
1185,-20.153744,-5.517988,set
1186,-10.366009,-19.848158,set
1187,-18.681791,-22.616632,set
1188,-14.806745,-11.674693,set
1189,-22.902468,-16.040642,set
1190,-22.737768,-10.190365,set
1191,-19.644564,3.5643647,set
1192,-22.513176,-21.37779,set
1193,-21.96673,-20.855082,set
1194,-19.787054,-9.250357,set
1195,-20.292913,-23.807556,set
1196,-19.828033,-19.424728,set
1197,-20.818504,-8.986499,set
1198,-27.745258,22.494793,set
1199,-25.767649,12.737021,set
1200,-24.348017,-9.170687,set
1201,-23.212406,-11.650883,set
1202,-29.441818,27.538534,set
1203,-26.557215,9.071616,set
1204,-25.650274,8.11799,set
1205,-25.7671,8.795454,set
1206,-22.262005,-10.515043,set
1207,-22.595427,-9.86951,set
1208,-23.697002,22.603607,set
1209,-17.628805,-0.8066059,set
1210,-17.650099,2.819224,set
1211,-28.63772,34.15363,set
1212,-22.82252,14.833602,set
1213,-22.395727,14.903538,set
1214,-24.66154,20.59361,set
1215,-20.201729,0.6060829,set
1216,-22.403202,-1.4062347,set
1217,-23.7842,3.815087,set
1218,-21.579632,-18.169395,set
1219,-21.957394,-20.293383,set
1220,-27.34594,19.345457,set
1221,-15.100079,-1.0620228,set
1222,-24.492756,-4.1386075,set
1223,-23.896967,5.1549172,set
1224,-18.607445,-20.241266,set
1225,-19.198242,-21.059654,set
1226,-25.64759,8.870069,set
1227,-16.981695,-19.135328,set
1228,-18.510925,-12.3432865,set
1229,-28.030714,24.219313,set
1230,-22.748627,-2.156853,set
1231,-21.37932,2.2085826,set
1232,-24.738503,8.713524,set
1233,-17.567757,-17.795374,set
1234,-16.561266,-14.735805,set
1235,-22.89106,-9.280318,set
1236,-29.444551,-1.8016661,set
1237,-18.827759,-13.66817,set
1238,-24.588638,8.605272,set
1239,-24.170729,13.839261,set
1240,-23.788326,3.6428947,set
1241,-24.604952,-11.793278,set
1242,-24.428959,-5.3140283,set
1243,-23.399225,-10.6822195,set
1244,-21.499405,4.335314,set
1245,-28.016405,16.858633,set
1246,-23.260103,8.226462,set
1247,-21.336563,18.010983,set
1248,-27.822872,32.147705,set
1249,-19.196709,16.276823,set
1250,-23.094929,2.6165276,set
1251,-23.80748,18.694332,set
1252,-25.050678,5.1913595,set
1253,-20.309128,-15.823283,set
1254,-24.676195,-6.019974,set
1255,-15.420666,-18.40458,set
1256,-19.390104,-2.4597917,set
1257,-18.807198,10.816988,set
1258,-21.01381,-4.6023426,set
1259,-14.351245,-16.826324,set
1260,-24.089748,-8.2245,set
1261,-22.523382,-18.511223,set
1262,-20.62537,-18.62247,set
1263,-25.062935,-8.956611,set
1264,-19.30622,-12.213401,set
1265,-19.871807,-6.599365,set
1266,-21.379423,6.277713,set
1267,-25.990427,1.4410717,set
1268,-12.495615,-18.451101,set
1269,-27.191988,-5.112779,set
1270,-21.616919,-12.8926735,set
1271,-22.48913,-11.594164,set
1272,-22.708445,-11.631775,set
1273,-22.896711,2.0220063,set
1274,-22.383348,6.2251124,set
1275,-23.665304,3.4259489,set
1276,-24.714127,17.587643,set
1277,-22.637184,-11.56401,set
1278,-24.62841,-14.789496,set
1279,-27.001734,3.0699255,set
1280,-24.277302,2.4297955,set
1281,-18.79762,1.6210314,set
1282,-19.871256,13.932317,set
1283,-25.019274,16.065607,set
1284,-24.534496,16.859589,set
1285,-20.56063,30.162836,set
1286,-19.970236,2.943083,set
1287,-24.071335,3.8981018,set
1288,-22.706772,12.761911,set
1289,-22.086607,-17.08753,set
1290,-16.065962,-17.962654,set
1291,-25.094086,-7.140515,set
1292,-17.29984,-4.4536343,set
1293,-17.160969,-3.846149,set
1294,-20.139666,8.691454,set
1295,-16.487398,-21.017235,set
1296,-18.668634,-21.557585,set
1297,-22.968004,-5.3381214,set
1298,-15.630407,-20.1921,set
1299,-19.215958,-19.00225,set
1300,-21.073488,-4.4005265,set
1301,-22.805878,-5.6218343,set
1302,-20.369762,-3.4476166,set
1303,-23.912651,7.2717066,set
1304,-15.304294,-19.58059,set
1305,-13.551677,-17.10086,set
1306,-23.524908,-4.8438764,set
1307,-25.646183,16.518396,set
1308,-29.535301,12.341163,set
1309,-22.479458,-9.5826645,set
1310,-21.571985,-14.266367,set
1311,-29.047945,8.942476,set
1312,-18.895815,-14.178452,set
1313,-21.261368,-9.916737,set
1314,-23.726585,20.493351,set
1315,-22.543692,0.48456421,set
1316,-25.501127,-1.3456413,set
1317,-25.992136,23.242693,set
1318,-25.848734,0.8507284,set
1319,-22.9664,3.3537185,set
1320,-28.44975,22.218924,set
1321,-18.237696,-1.1903709,set
1322,-21.79334,1.6980594,set
1323,-26.38088,34.10098,set
1324,-18.340456,9.497387,set
1325,-23.923515,11.587132,set
1326,-27.39695,4.235112,set
1327,-13.3123865,-24.294617,set
1328,-20.460915,-22.571138,set
1329,-24.056664,3.7977002,set
1330,-21.11032,-20.937883,set
1331,-20.668112,-26.66997,set
1332,-24.26938,15.175246,set
1333,-26.488134,-8.459358,set
1334,-21.002913,-9.982793,set
1335,-28.600183,4.006507,set
1336,-22.241386,-23.339071,set
1337,-14.611488,-19.150766,set
1338,-23.562845,9.590135,set
1339,-20.20766,-22.390934,set
1340,-21.906515,-19.0127,set
1341,-28.03889,18.128809,set
1342,-23.479603,-9.2426815,set
1343,-23.247934,-7.996391,set
1344,-21.069027,-10.775865,set
1345,-22.726297,1.4863902,set
1346,-24.854486,-12.7328615,set
1347,-25.345425,-10.680741,set
1348,-26.545507,-0.07741527,set
1349,-20.338503,-14.48187,set
1350,-22.7348,1.9813192,set
1351,-21.448715,9.595868,set
1352,-23.67168,-2.429348,set
1353,-22.705507,4.812433,set
1354,-26.608301,17.742258,set
1355,-24.799513,5.2263346,set
1356,-22.955982,4.7646275,set
1357,-28.424551,18.121878,set
1358,-22.132153,7.734378,set
1359,-23.936544,12.714849,set
1360,-29.97609,33.55932,set
1361,-24.709846,19.33783,set
1362,-18.391857,-17.851618,set
1363,-18.508186,-6.142658,set
1364,-12.805805,-19.501274,set
1365,-23.685436,-16.519487,set
1366,-24.725208,-6.4678345,set
1367,-21.537527,-17.631836,set
1368,-22.35764,-5.3001676,set
1369,-25.095821,6.838922,set
1370,-25.170403,-7.834681,set
1371,-18.454557,-16.545752,set
1372,-24.010109,-5.9148755,set
1373,-22.554956,-12.138513,set
1374,-14.310336,-15.242875,set
1375,-26.97757,-5.758221,set
1376,-19.55984,-11.832236,set
1377,-20.489597,-6.1045547,set
1378,-31.792429,8.187038,set
1379,-21.831814,-2.5276647,set
1380,-24.517284,-9.963104,set
1381,-22.875692,-11.197389,set
1382,-21.851128,1.6268004,set
1383,-23.580854,-11.202785,set
1384,-24.712872,-16.273457,set
1385,-19.752716,1.5354599,set
1386,-23.314795,0.2720066,set
1387,-24.349731,-4.1431465,set
1388,-24.33985,11.146747,set
1389,-21.102974,0.6949055,set
1390,-16.846619,0.4817064,set
1391,-23.85433,12.640564,set
1392,-23.958279,-0.10604911,set
1393,-18.125225,2.830054,set
1394,-23.308765,12.126391,set
1395,-24.15944,10.401714,set
1396,-24.813837,13.360803,set
1397,-21.89835,27.992722,set
1398,-19.36086,-20.355165,set
1399,-16.0956,-21.653955,set
1400,-14.93109,-9.070531,set
1401,-24.36474,-23.926126,set
1402,-21.665628,-24.505117,set
1403,-21.894455,-9.595775,set
1404,-18.352787,-6.280794,set
1405,-24.868942,-8.154175,set
1406,-29.483961,3.3174481,set
1407,-18.174711,-23.813545,set
1408,-22.340849,-17.434958,set
1409,-23.279387,-5.395571,set
1410,-21.0735,-18.283901,set
1411,-16.524092,-19.784498,set
1412,-22.123995,-5.0011783,set
1413,-24.061308,-7.7834096,set
1414,-24.152273,-4.055977,set
1415,-24.560753,2.168918,set
1416,-27.84457,10.964904,set
1417,-29.403088,23.713718,set
1418,-26.555494,0.16267836,set
1419,-17.945719,0.19675277,set
1420,-30.007055,10.220157,set
1421,-25.975386,-12.444791,set
1422,-18.925068,-17.278805,set
1423,-29.318089,3.2915885,set
1424,-26.676788,-19.362555,set
1425,-18.20002,-20.41969,set
1426,-29.389858,3.5236008,set
1427,-17.160723,-23.485317,set
1428,-21.016623,-23.138435,set
1429,-30.85905,19.875767,set
1430,-22.230614,-5.5522323,set
1431,-22.05896,-1.0192833,set
1432,-28.355576,13.753761,set
1433,-22.62096,-8.9523735,set
1434,-24.275972,-9.3118515,set
1435,-27.362682,12.795311,set
1436,-25.371147,-6.6519666,set
1437,-25.392477,-11.63936,set
1438,-21.922318,9.023332,set
1439,-21.350433,-14.545773,set
1440,-23.609396,-10.630779,set
1441,-27.091774,7.068106,set
1442,-19.235891,-24.84274,set
1443,-18.340601,-18.775991,set
1444,-26.122831,6.3710938,set
1445,-17.667057,-20.056597,set
1446,-20.1468,-19.606342,set
1447,-26.661764,3.1663969,set
1448,-28.414455,14.21346,set
1449,-20.755615,3.4999764,set
1450,-23.65052,-10.329477,set
1451,-29.364847,-0.48746237,set
1452,-23.923708,-16.632122,set
1453,-23.630377,-18.04665,set
1454,-26.746994,-7.1100936,set
1455,-17.345108,-16.692032,set
1456,-17.489544,-21.232306,set
1457,-18.608223,-5.6336203,set
1458,-23.028854,-19.484922,set
1459,-22.458424,1.1300328,set
1460,-30.196579,15.473783,set
1461,-20.548985,2.5607367,set
1462,-21.0721,-5.199587,set
1463,-27.871773,9.642277,set
1464,-24.964598,-3.4396727,set
1465,-23.76119,-3.9655886,set
1466,-30.33707,6.4485755,set
1467,-22.834776,-8.145896,set
1468,-26.72835,-16.181807,set
1469,-26.791903,-2.18324,set
1470,-24.667982,-7.421473,set
1471,-15.748387,-16.823051,set
1472,-22.85332,-6.266252,set
1473,-18.238222,-14.12972,set
1474,-23.255386,-19.574791,set
1475,-29.220982,-7.834224,set
1476,-22.024818,-17.400091,set
1477,-24.193214,1.2661299,set
1478,-27.835394,-0.9713553,set
1479,-26.88967,15.265018,set
1480,-25.325974,-15.084261,set
1481,-25.814783,-17.51262,set
1482,-25.17147,-1.5579305,set
1483,-20.219671,-19.257328,set
1484,-23.606453,-22.732933,set
1485,-23.631838,-8.988222,set
1486,-21.233274,-24.86084,set
1487,-22.125954,-22.80013,set
1488,-23.525517,-9.380412,set
1489,-20.521528,-0.768465,set
1490,-17.325525,-1.9198412,set
1491,-24.670015,16.628054,set
1492,-14.119358,-7.4160037,set
1493,-24.524162,-8.248755,set
1494,-23.054453,6.018299,set
1495,-23.505608,-10.681859,set
1496,-22.295305,-7.5062933,set
1497,-25.676708,7.156581,set
1498,-21.028574,-17.041933,set
1499,-24.124176,-10.607866,set
1500,-28.066603,2.6506693,set
1501,-22.527962,-23.200651,set
1502,-20.378923,-22.273842,set
1503,-21.147497,-2.3768222,set
1504,-22.549374,-24.091484,set
1505,-17.077055,-21.600203,set
1506,-24.221241,-7.3439894,set
1507,-27.624228,20.801367,set
1508,-24.661436,3.9291618,set
1509,-24.26153,-20.555628,set
1510,-19.835728,-21.349356,set
1511,-28.602314,19.38141,set
1512,-25.44962,-1.8786354,set
1513,-22.836086,-1.1669546,set
1514,-26.159678,1.0749166,set
1515,-16.894167,-17.756067,set
1516,-23.417114,-22.154945,set
1517,-26.95487,16.520834,set
1518,-23.875216,-9.332905,set
1519,-24.68134,-7.024298,set
1520,-31.933119,30.932297,set
1521,-26.586855,6.4185705,set
1522,-25.464502,4.2543454,set
1523,-29.279657,12.7530985,set
1524,-18.30173,-8.210574,set
1525,-26.808277,-9.635961,set
1526,-25.28332,5.791413,set
1527,-21.0911,-18.839344,set
1528,-20.187595,-14.238236,set
1529,-26.388155,17.627184,set
1530,-21.662949,-5.1396484,set
1531,-28.804539,-1.3239776,set
1532,-27.340311,4.117735,set
1533,-8.179517,-17.21296,set
1534,-21.51997,-18.620628,set
1535,-22.2745,-17.948503,set
1536,-26.671474,-7.3644547,set
1537,-20.310072,-20.397083,set
1538,-27.018564,-4.812684,set
1539,-26.193487,9.932186,set
1540,-14.03867,-3.7208858,set
1541,-23.603127,-19.665932,set
1542,-25.292723,-5.5033545,set
1543,-20.522053,-18.16548,set
1544,-26.160677,-4.316509,set
1545,-29.935427,7.06057,set
1546,-26.420969,-8.112922,set
1547,-26.77677,6.8245115,set
1548,-31.750103,24.46615,set
1549,-25.407194,10.598398,set
1550,-19.71564,-11.423934,set
1551,-25.287743,10.898864,set
1552,-24.994133,-8.375099,set
1553,-20.18666,-17.828024,set
1554,-23.66927,-5.7454557,set
1555,-25.438055,-16.180502,set
1556,-24.51873,-3.182128,set
1557,-29.729168,7.985766,set
1558,-27.167997,-3.8665032,set
1559,-22.051252,-21.172302,set
1560,-24.717964,-7.1384573,set
1561,-27.861105,-17.271786,set
1562,-20.439306,-20.921173,set
1563,-22.211779,-20.595175,set
1564,-20.877544,-13.1024275,set
1565,-23.353647,-3.8167346,set
1566,-21.906694,-1.8662795,set
1567,-23.162123,9.326656,set
1568,-21.362848,-24.561878,set
1569,-21.60974,-22.675632,set
1570,-20.379553,-10.453631,set
1571,-21.544256,-7.373473,set
1572,-21.361729,-7.6483917,set
1573,-24.888273,3.4400017,set
1574,-27.895123,2.757684,set
1575,-25.183277,6.6520004,set
1576,-25.598206,22.837345,set
1577,-22.023174,-7.091815,set
1578,-20.942326,-8.401618,set
1579,-23.646753,2.5102544,set
1580,-14.63384,-23.259008,set
1581,-21.298904,-16.936562,set
1582,-20.60003,-6.7477837,set
1583,-24.83899,-5.033465,set
1584,-15.207809,-5.4707923,set
1585,-23.990206,10.755969,set
1586,-19.496944,-22.629576,set
1587,-8.328869,-20.31733,set
1588,-15.930354,-7.462855,set
1589,-27.623135,8.374366,set
1590,-26.254873,5.1918607,set
1591,-17.150717,-20.888206,set
1592,-24.148117,-23.8783,set
1593,-26.279465,1.8917663,set
1594,-20.404072,-22.145819,set
1595,-21.81623,-22.355694,set
1596,-21.978264,11.574798,set
1597,-23.208284,-7.6149664,set
1598,-22.936857,-6.228089,set
1599,-26.013182,9.118507,set
1600,-21.491222,-13.2902355,set
1601,-22.152836,-13.740337,set
1602,-25.14241,14.207616,set
1603,-23.648844,-11.251679,set
1604,-24.015993,-11.702149,set
1605,-28.262796,23.579798,set
1606,-27.129044,4.6393933,set
1607,-16.790283,-0.41097975,set
1608,-24.129196,4.470352,set
1609,-21.573336,-21.47238,set
1610,-21.108263,-18.230753,set
1611,-28.738722,7.900983,set
1612,-17.0675,-22.047546,set
1613,-16.689762,-22.301605,set
1614,-30.648346,21.405577,set
1615,-21.99768,-6.276732,set
1616,-21.556463,-5.934363,set
1617,-22.689236,-18.912031,set
1618,-22.47671,-8.85381,set
1619,-18.941181,-18.374708,set
1620,-25.175358,-16.46242,set
1621,-24.881842,-10.695585,set
1622,-22.970251,-18.476397,set
1623,-23.312708,-5.5926633,set
1624,-27.667137,4.6018906,set
1625,-26.595146,-3.4704325,set
1626,-24.494665,-5.468416,set
1627,-22.440681,3.4043508,set
1628,-20.097765,-6.197037,set
1629,-16.970161,-5.596577,set
1630,-26.497307,9.510841,set
1631,-22.385136,-4.582377,set
1632,-25.386793,5.233131,set
1633,-32.607395,19.698645,set
1634,-26.89685,3.3919384,set
1635,-20.519453,-17.051357,set
1636,-25.948175,-9.735956,set
1637,-24.663258,-14.231227,set
1638,-18.80322,-15.442311,set
1639,-28.763,-10.180095,set
1640,-22.703928,-14.993514,set
1641,-21.796602,-5.154136,set
1642,-25.05752,6.4385552,set
1643,-23.865324,-2.527883,set
1644,-17.120333,-18.207218,set
1645,-24.5196,-19.449814,set
1646,-23.690401,-10.109113,set
1647,-14.484075,-23.006737,set
1648,-22.918621,-20.84984,set
1649,-17.75511,-6.0537877,set
1650,-23.85031,-9.4695425,set
1651,-26.451357,-9.705279,set
1652,-20.17472,0.84893537,set
1653,-24.01429,-8.747181,set
1654,-21.143196,-10.245537,set
1655,-24.756456,4.323701,set
1656,-22.277035,-6.3318176,set
1657,-23.295963,-5.8561573,set
1658,-14.7537775,3.4918408,set
1659,-24.721344,2.070136,set
1660,-25.84514,3.25894,set
1661,-28.594063,14.046548,set
1662,-16.995636,-21.097599,set
1663,-15.443803,-19.747238,set
1664,-21.66956,-1.1305305,set
1665,-20.185455,-18.871872,set
1666,-20.439552,-18.730328,set
1667,-19.669662,-5.0355034,set
1668,-25.644333,-9.412154,set
1669,-22.075829,-8.247274,set
1670,-27.02096,4.6612363,set
1671,-22.49245,11.535476,set
1672,-27.721708,25.265474,set
1673,-24.110556,-0.97132343,set
1674,-22.60464,-0.6283807,set
1675,-28.562923,10.057245,set
1676,-23.04428,-15.20102,set
1677,-26.984386,-14.656974,set
1678,-24.424137,2.1630366,set
1679,-20.642263,-24.438429,set
1680,-18.19959,-23.314415,set
1681,-27.06386,0.87297904,set
1682,-19.750862,-21.109278,set
1683,-24.90135,-23.94867,set
1684,-21.515265,9.482379,set
1685,-20.353569,-14.655305,set
1686,-19.580233,-18.047436,set
1687,-23.702393,2.6628547,set
1688,-12.076671,-26.37563,set
1689,-23.264357,-22.90938,set
1690,-28.930193,1.3857936,set
1691,-18.89158,-24.491432,set
1692,-23.327211,-22.344574,set
1693,-34.755775,20.74363,set
1694,-26.154068,-1.1024982,set
1695,-24.156784,-3.6853256,set
1696,-28.65006,15.248091,set
1697,-25.415894,-13.708412,set
1698,-23.847692,-10.3205805,set
1699,-32.399628,13.4212265,set
1700,-25.971155,-11.97368,set
1701,-20.345068,-13.955956,set
1702,-18.02879,4.4223847,set
1703,-29.028305,14.776332,set
1704,-22.39632,4.2070837,set
1705,-24.487154,-13.35184,set
1706,-32.540245,-0.9157029,set
1707,-21.185026,-16.492064,set
1708,-27.660507,-19.074646,set
1709,-19.641035,-11.168762,set
1710,-25.398003,-19.27133,set
1711,-24.199753,-19.898245,set
1712,-28.613592,-5.0934143,set
1713,-24.568933,-17.552181,set
1714,-21.698593,-15.2970495,set
1715,-25.73953,-0.6335935,set
1716,-21.738888,-11.194449,set
1717,-20.205427,-20.369205,set
1718,-25.920624,-6.5338144,set
1719,-22.539173,-19.977304,set
1720,-21.123896,-23.400518,set
1721,-26.795528,-9.796976,set
1722,-22.31091,-19.662392,set
1723,-26.625795,-3.5812721,set
1724,-32.647648,11.592402,set
1725,-22.309303,-5.3508854,set
1726,-21.792988,-6.958251,set
1727,-31.155113,4.807813,set
1728,-24.63249,-6.5895505,set
1729,-25.844305,-12.170432,set
1730,-24.586203,4.100061,set
1731,-22.838892,-15.849884,set
1732,-26.701662,2.9503696,set
1733,-25.77846,1.1290324,set
1734,-23.59639,11.109112,set
1735,-23.257238,-9.2497425,set
1736,-17.419075,-12.144759,set
1737,-18.836529,-1.902015,set
1738,-21.120213,-20.356787,set
1739,-15.6658,-19.313316,set
1740,-21.687464,-8.507053,set
1741,-19.252863,-21.173935,set
1742,-20.634773,-16.667692,set
1743,-23.730715,-8.368805,set
1744,-19.152027,-11.880804,set
1745,-16.658194,-10.553218,set
1746,-20.936466,-1.0178386,set
1747,-22.093758,-21.023327,set
1748,-15.82156,-19.178307,set
1749,-13.350299,-7.232768,set
1750,-22.46818,-20.893057,set
1751,-19.887218,-18.305845,set
1752,-19.949648,-3.7184517,set
1753,-23.276348,-4.7665553,set
1754,-18.343063,-3.0709596,set
1755,-31.13418,18.023901,set
1756,-21.41316,-7.57632,set
1757,-22.265585,-9.515828,set
1758,-29.754595,3.9642596,set
1759,-24.8673,-12.136658,set
1760,-20.944746,-10.552558,set
1761,-28.861612,-0.9878674,set
1762,-28.017168,20.32106,set
1763,-27.144108,6.9228406,set
1764,-21.890059,-18.99771,set
1765,-19.525227,-19.409246,set
1766,-27.30145,17.933594,set
1767,-26.229778,-4.193189,set
1768,-24.134487,-5.115861,set
1769,-25.163614,1.8620911,set
1770,-16.591751,-21.182777,set
1771,-24.568064,-19.005785,set
1772,-27.202122,5.727132,set
1773,-19.344164,-22.454096,set
1774,-21.548746,-20.03993,set
1775,-26.434408,17.512161,set
1776,-23.694641,-6.1130075,set
1777,-28.042324,-5.7989845,set
1778,-20.962885,4.0989423,set
1779,-11.659185,-19.975483,set
1780,-22.317694,-23.015764,set
1781,-29.788551,16.956715,set
1782,-26.662056,-10.044397,set
1783,-25.982857,-5.0301476,set
1784,-28.30892,30.787403,set
1785,-23.938103,7.1843534,set
1786,-23.875578,8.07097,set
1787,-24.647715,13.585451,set
1788,-17.000212,-10.546306,set
1789,-25.801294,-9.8537445,set
1790,-24.26513,-16.746796,set
1791,-17.58029,-8.479356,set
1792,-18.002192,-19.260504,set
1793,-20.734262,-7.458271,set
1794,-27.846258,5.439209,set
1795,-24.358418,-1.9599506,set
1796,-13.60435,-22.791351,set
1797,-25.947416,-4.751049,set
1798,-22.63333,-16.388527,set
1799,-23.40305,-16.611416,set
1800,-28.101885,-6.7954717,set
1801,-21.991444,-18.330914,set
1802,-23.254744,-3.7766242,set
1803,-25.726383,7.1708627,set
1804,-23.839529,-5.9788976,set
1805,-17.168589,-19.492409,set
1806,-30.595142,-9.891728,set
1807,-23.010332,-17.847715,set
1808,-23.071226,-12.436381,set
1809,-26.335478,2.202894,set
1810,-27.263958,-8.421979,set
1811,-25.042826,4.461575,set
1812,-23.510437,19.20489,set
1813,-17.500801,3.0275865,set
1814,-26.423445,-12.618297,set
1815,-26.162153,0.31933486,set
1816,-23.859602,-11.206261,set
1817,-14.140988,-17.332817,set
1818,-21.05935,-17.809587,set
1819,-22.798925,-10.312135,set
1820,-16.285799,-4.8698044,set
1821,-22.334347,2.4727738,set
1822,-22.391605,8.458812,set
1823,-13.797608,-17.486973,set
1824,-23.794813,-16.27277,set
1825,-18.35495,-8.389937,set
1826,-21.164051,-18.211308,set
1827,-21.530731,-18.388294,set
1828,-22.407906,-4.778678,set
1829,-21.848703,-2.5558858,set
1830,-19.932354,-3.5530667,set
1831,-26.480225,10.970784,set
1832,-21.774647,-20.253166,set
1833,-19.542955,-18.913855,set
1834,-20.40964,-6.7999063,set
1835,-21.46803,-10.270152,set
1836,-24.219578,-7.914988,set
1837,-29.789745,3.4853508,set
1838,-26.710617,3.6336224,set
1839,-19.150751,5.174912,set
1840,-30.540434,21.031212,set
1841,-25.693077,-14.451587,set
1842,-17.795221,-9.302384,set
1843,-26.77323,-0.4361828,set
1844,-26.080742,11.058054,set
1845,-22.348316,2.839524,set
1846,-14.202184,-20.666666,set
1847,-15.281266,-23.528973,set
1848,-21.638662,3.752968,set
1849,-18.90728,-24.85111,set
1850,-17.802158,-24.405163,set
1851,-21.386549,11.526176,set
1852,-18.084705,-13.20467,set
1853,-23.526276,-10.72879,set
1854,-27.089735,2.2101018,set
1855,-22.31153,-27.651365,set
1856,-19.065975,-25.184988,set
1857,-16.751629,7.112962,set
1858,-21.998726,-25.43816,set
1859,-18.582438,-26.157133,set
1860,-24.81115,14.431092,set
1861,-17.354801,-12.113107,set
1862,-22.018063,-14.8292465,set
1863,-25.471268,14.692474,set
1864,-17.089567,-12.362197,set
1865,-20.301746,-11.7800045,set
1866,-27.841318,15.178413,set
1867,-17.148119,-13.032496,set
1868,-21.455154,-11.881609,set
1869,-31.892195,30.062664,set
1870,-24.02713,-2.0519457,set
1871,-27.236256,-0.3442978,set
1872,-22.52327,-18.552488,set
1873,-19.49726,-9.63693,set
1874,-10.449064,-20.436733,set
1875,-16.92215,-19.932783,set
1876,-28.4148,-7.364418,set
1877,-17.798935,-17.21921,set
1878,-22.871006,-10.649038,set
1879,-26.619326,5.6471987,set
1880,-22.423845,-6.333805,set
1881,-22.365318,-19.329397,set
1882,-25.33668,-8.970383,set
1883,-19.20011,-19.968666,set
1884,-15.327438,-18.004642,set
1885,-26.08709,-7.222907,set
1886,-21.269001,-15.845496,set
1887,-23.184908,-7.778838,set
1888,-27.943338,5.0785084,set
1889,-24.404343,-8.656618,set
1890,-20.945084,-10.750705,set
1891,-31.418509,-0.7622692,set
1892,-21.817678,-7.193569,set
1893,-23.777729,-8.261537,set
1894,-32.775013,2.4819863,set
1895,-22.302353,-7.7560153,set
1896,-30.772957,1.7012609,set
1897,-31.95127,16.727602,set
1898,-28.107262,2.603661,set
1899,-19.723406,-19.202972,set
1900,-17.120544,-20.141552,set
1901,-18.132421,-10.145899,set
1902,-21.1557,-16.914993,set
1903,-17.078388,-18.052805,set
1904,-18.587305,-10.843281,set
1905,-17.760147,-8.059062,set
1906,-24.39166,-7.4381723,set
1907,-20.056517,3.4706862,set
1908,-19.165691,-19.31208,set
1909,-18.197714,-18.442583,set
1910,-19.9623,-5.9117513,set
1911,-19.885962,-19.253296,set
1912,-18.488047,-14.376411,set
1913,-21.349901,-4.382628,set
1914,-20.576725,-10.312244,set
1915,-19.711409,-5.1972475,set
1916,-22.538881,5.6922,set
1917,-21.658295,-12.936588,set
1918,-22.135687,-10.133013,set
1919,-21.52154,0.8475444,set
1920,-22.945044,-11.743605,set
1921,-25.982616,-11.145111,set
1922,-26.47567,1.0891128,set
1923,-22.527065,-0.17867853,set
1924,-29.633816,2.2922606,set
1925,-31.584208,13.030776,set
1926,-31.683361,29.209558,set
1927,-34.33432,46.246075,set
1928,-24.385054,19.025736,set
1929,-25.813162,22.30001,set
1930,-30.584362,29.72689,set
1931,-26.017605,9.359314,set
1932,-21.459589,11.663757,set
1933,-29.199408,28.668924,set
1934,-20.561613,1.9558114,set
1935,-22.17095,-2.0445797,set
1936,-22.879723,27.06576,set
1937,-21.284624,-1.9237908,set
1938,-20.62857,-4.740758,set
1939,-25.35179,16.972694,set
1940,-31.202864,33.75851,set
1941,-24.949673,22.499418,set
1942,-23.414433,5.2605186,set
1943,-21.984459,20.336748,set
1944,-26.93103,3.2657046,set
1945,-24.323875,2.1698985,set
1946,-28.791967,8.647088,set
1947,-22.989346,-6.258699,set
1948,-21.112286,-5.977021,set
1949,-26.613161,6.0969915,set
1950,-19.809946,-3.1501615,set
1951,-27.2127,22.131865,set
1952,-24.35839,22.604317,set
1953,-29.525988,28.385462,set
1954,-16.970198,5.633144,set
1955,-23.513426,7.711823,set
1956,-22.625221,19.308613,set
1957,-21.75503,-1.4447433,set
1958,-26.477118,-3.7360003,set
1959,-24.59496,9.623716,set
1960,-18.160954,-5.2786093,set
1961,-21.406841,-3.4766726,set
1962,-22.64939,4.7713737,set
1963,-26.468658,40.44039,set
1964,-32.2854,26.861301,set
1965,-24.848454,2.2594047,set
1966,-27.496407,1.1099764,set
1967,-33.494587,41.851055,set
1968,-29.757286,12.770057,set
1969,-29.0939,9.107079,set
1970,-27.578676,25.346924,set
1971,-24.366068,3.2318263,set
1972,-27.911974,0.35509554,set
1973,-22.220102,1.7488046,set
1974,-25.856152,10.402059,set
1975,-22.934397,-3.1000671,set
1976,-26.773462,12.705342,set
1977,-25.931215,25.486448,set
1978,-25.546568,13.335224,set
1979,-23.208757,1.8073144,set
1980,-24.443499,8.837632,set
1981,-20.876879,-3.5012922,set
1982,-25.589218,2.4815753,set
1983,-21.241804,-0.35216582,set
1984,-24.521273,9.64817,set
1985,-24.706324,12.247285,set
1986,-23.27974,13.512718,set
1987,-27.909143,24.34909,set
1988,-26.289217,-1.7982616,set
1989,-22.418997,-1.7006117,set
1990,-25.734026,12.590922,set
1991,-27.223572,27.642231,set
1992,-25.267664,27.475992,set
1993,-23.797878,-1.4625763,set
1994,-22.478779,-4.107479,set
1995,-27.005728,24.6476,set
1996,-21.12659,3.6048002,set
1997,-23.134232,1.2113799,set
1998,-26.343878,35.932278,set
1999,-22.250843,12.399095,set
2000,-28.671,9.774705,set
2001,-24.828709,-2.2889867,set
2002,-23.536882,13.461984,set
2003,-23.315643,-0.5137774,set
2004,-28.177975,0.050760668,set
2005,-29.419125,13.285186,set
2006,-19.762735,-5.2903147,set
2007,-22.420305,8.043569,set
2008,-27.43753,23.714748,set
2009,-29.211462,4.5665593,set
2010,-12.97897,-7.3643823,set
2011,-22.885708,-2.8097308,set
2012,-24.665035,6.4088497,set
2013,-22.925053,-3.3403199,set
2014,-21.699854,-4.7705684,set
2015,-27.263916,8.933103,set
2016,-23.822914,7.41695,set
2017,-27.086916,8.738372,set
2018,-29.881916,22.193737,set
2019,-28.626478,21.818094,set
2020,-35.316463,34.853886,set
2021,-27.772955,8.444383,set
2022,-24.271257,10.020091,set
2023,-31.620245,9.097768,set
2024,-31.079128,27.219032,set
2025,-29.738554,8.654381,set
2026,-26.620111,10.412374,set
2027,-26.134645,8.356196,set
2028,-31.227894,25.438417,set
2029,-30.087708,23.688936,set
2030,-29.513664,21.840677,set
2031,-28.3238,15.747834,set
2032,-34.76589,41.59291,set
2033,-24.88675,7.3045926,set
2034,-26.57717,9.368025,set
2035,-29.779835,12.875964,set
2036,-35.077435,21.472914,set
2037,-23.597982,7.897902,set
2038,-24.950405,12.159029,set
2039,-28.890713,5.754772,set
2040,-28.458147,23.897612,set
2041,-24.408432,24.089142,set
2042,-32.911423,24.327038,set
2043,-24.584385,24.575298,set
2044,-26.222643,40.85345,set
2045,-25.875475,17.710777,set
2046,-25.09489,18.761557,set
2047,-27.209,27.397305,set
2048,-25.22698,5.3804975,set
2049,-22.740486,4.0422163,set
2050,-25.62654,21.580513,set
2051,-25.541437,-3.3240938,set
2052,-20.406849,2.192096,set
2053,-28.125603,26.175556,set
2054,-22.994055,-1.3552704,set
2055,-24.392763,0.33818713,set
2056,-22.06499,16.318401,set
2057,-26.725033,36.38349,set
2058,-21.326181,14.123653,set
2059,-26.495518,1.6884954,set
2060,-28.049862,22.123766,set
2061,-26.745731,3.6610038,set
2062,-26.79857,-2.5335238,set
2063,-27.031284,14.519556,set
2064,-19.441044,-0.8777753,set
2065,-20.459219,-4.5947285,set
2066,-26.767893,12.04651,set
2067,-22.324556,-0.49896428,set
2068,-22.008072,19.38146,set
2069,-25.47798,20.394728,set
2070,-27.340166,29.458635,set
2071,-28.110683,1.7914952,set
2072,-27.598562,2.5992503,set
2073,-28.706024,16.747082,set
2074,-8.7661295,2.4028654,set
2075,-24.421963,-2.7998264,set
2076,-25.275234,11.347022,set
2077,-14.921976,-3.8264928,set
2078,-17.02505,0.6743371,set
2079,-25.863958,7.6363,set
2080,-26.68228,30.877201,set
2081,-28.504953,23.56089,set
2082,-28.821842,4.323588,set
2083,-25.30296,3.3795958,set
2084,-30.800385,38.895256,set
2085,-23.856562,13.617518,set
2086,-25.069572,10.417848,set
2087,-30.259096,24.184519,set
2088,-25.979671,0.459077,set
2089,-27.731958,2.081599,set
2090,-23.87554,-1.6458124,set
2091,-29.802305,15.073518,set
2092,-24.946175,-0.19384898,set
2093,-24.9188,13.28062,set
2094,-29.258528,30.602158,set
2095,-23.171417,14.459121,set
2096,-23.762209,-2.5484598,set
2097,-32.75358,13.449304,set
2098,-27.206396,0.035355877,set
2099,-23.342981,0.70859116,set
2100,-29.225216,-2.5449698,set
2101,-27.48101,9.574681,set
2102,-24.793135,14.754093,set
2103,-23.845566,12.319889,set
2104,-28.055492,21.471424,set
2105,-25.793215,-2.4185464,set
2106,-20.40873,1.0149153,set
2107,-25.604368,7.8791814,set
2108,-29.716164,32.968594,set
2109,-27.331264,24.579597,set
2110,-22.258518,-2.552019,set
2111,-23.38136,-4.9825816,set
2112,-27.918089,21.134274,set
2113,-18.956835,-5.974127,set
2114,-22.302427,-4.0610256,set
2115,-30.498398,37.081867,set
2116,-33.042004,13.826374,set
2117,-24.155348,13.408429,set
2118,-24.192617,0.31549564,set
2119,-30.292683,14.869173,set
2120,-24.488708,1.5637519,set
2121,-23.181944,-4.20484,set
2122,-33.206852,17.991167,set
2123,-19.564753,2.0127685,set
2124,-31.950174,11.6298895,set
2125,-33.792442,29.638922,set
2126,-30.43599,16.726486,set
2127,-24.939102,-2.7667112,set
2128,-29.48026,-2.3404808,set
2129,-25.657295,7.625776,set
2130,-24.015114,-1.992196,set
2131,-22.622179,-2.6561368,set
2132,-22.979723,6.1655993,set
2133,-28.703316,11.252475,set
2134,-24.772585,15.857458,set
2135,-35.125328,22.278345,set
2136,-21.754894,18.791363,set
2137,-30.251663,30.437912,set
2138,-26.481339,11.878498,set
2139,-27.984716,11.75716,set
2140,-26.783312,11.284825,set
2141,-34.90699,28.085052,set
2142,-25.383759,11.280407,set
2143,-27.217133,8.247492,set
2144,-26.712713,5.553244,set
2145,-26.939161,24.774176,set
2146,-28.022203,22.163969,set
2147,-31.45411,25.669743,set
2148,-36.982918,17.273745,set
2149,-37.807186,42.07248,set
2150,-23.469759,5.5985813,set
2151,-28.246563,10.706497,set
2152,-35.490795,12.583684,set
2153,-29.948229,26.711058,set
2154,-30.044365,8.3891535,set
2155,-28.108122,14.739113,set
2156,-26.95173,6.624596,set
2157,-35.769165,17.824942,set
2158,-32.635487,24.63363,set
2159,-34.502975,27.377169,set
